{"name":"da969f2a-6058-4bab-b3f2-d9d72950022f","id":"/providers/Microsoft.Flow/flows/da969f2a-6058-4bab-b3f2-d9d72950022f","type":"Microsoft.Flow/flows","properties":{"apiId":"/providers/Microsoft.PowerApps/apis/shared_logicflows","displayName":"Auto-numbering M365 Plan","definition":{"metadata":{"workflowEntityId":null,"processAdvisorMetadata":null,"flowclientsuspensionreason":"None","flowclientsuspensiontime":null,"flowclientsuspensionreasondetails":null,"creator":{"id":"4d666747-aabd-4bea-ad42-66274e8294e5","type":"User","tenantId":"e7755dd8-2594-4b33-b604-73652bd697a2"},"provisioningMethod":"FromDefinition","failureAlertSubscription":true,"clientLastModifiedTime":"2022-10-25T22:46:21.0657298Z"},"$schema":"https://schema.management.azure.com/providers/Microsoft.Logic/schemas/2016-06-01/workflowdefinition.json#","contentVersion":"1.0.0.0","parameters":{"$connections":{"defaultValue":{},"type":"Object"},"$authentication":{"defaultValue":{},"type":"SecureObject"}},"triggers":{"When_a_new_task_is_created":{"recurrence":{"frequency":"Minute","interval":5},"splitOn":"@triggerOutputs()?['body/value']","metadata":{"operationMetadataId":"d5787497-297e-48c6-9ab5-8803225e0e4f"},"type":"OpenApiConnection","inputs":{"host":{"apiId":"/providers/Microsoft.PowerApps/apis/shared_planner","connectionName":"shared_planner","operationId":"OnNewTask_V3"},"parameters":{"groupId":"dfa7eda0-4665-4c42-9b1b-ecc830cab8ad","id":"OUkM26BlEUS7sSLDb84Pl30AFx48"},"authentication":"@parameters('$authentication')"}}},"actions":{"List_tasks":{"runAfter":{},"metadata":{"operationMetadataId":"06e04d14-f401-4747-9d19-88bff1612d55"},"type":"OpenApiConnection","inputs":{"host":{"apiId":"/providers/Microsoft.PowerApps/apis/shared_planner","connectionName":"shared_planner","operationId":"ListTasks_V3"},"parameters":{"groupId":"dfa7eda0-4665-4c42-9b1b-ecc830cab8ad","id":"OUkM26BlEUS7sSLDb84Pl30AFx48"},"authentication":"@parameters('$authentication')"}},"Update_a_task_(V2)":{"runAfter":{"List_tasks":["Succeeded"]},"metadata":{"operationMetadataId":"cfd1fc99-59a8-4307-98c0-c2f06ca7caef"},"type":"OpenApiConnection","inputs":{"host":{"apiId":"/providers/Microsoft.PowerApps/apis/shared_planner","connectionName":"shared_planner","operationId":"UpdateTask_V3"},"parameters":{"id":"@triggerOutputs()?['body/id']","body/title":"@concat('MT-', outputs('List_tasks')?['body/@odata.count'], ' ', triggerOutputs()?['body/title'])"},"authentication":"@parameters('$authentication')"}}}},"connectionReferences":{"shared_planner":{"connectionName":"shared-planner-bfcdd190-2589-46c7-adb4-3b87f80532d6","source":"Embedded","id":"/providers/Microsoft.PowerApps/apis/shared_planner","tier":"NotSpecified"}},"flowFailureAlertSubscribed":false,"isManaged":false}}