{"name":"da3f94e5-246f-4d68-abcc-760f0dd170c0","id":"/providers/Microsoft.Flow/flows/da3f94e5-246f-4d68-abcc-760f0dd170c0","type":"Microsoft.Flow/flows","properties":{"apiId":"/providers/Microsoft.PowerApps/apis/shared_logicflows","displayName":"Auto-number IT Test Plan tasks","definition":{"metadata":{"workflowEntityId":null,"processAdvisorMetadata":null,"flowclientsuspensionreason":"None","flowclientsuspensiontime":null,"flowclientsuspensionreasondetails":null,"creator":{"id":"4d666747-aabd-4bea-ad42-66274e8294e5","type":"User","tenantId":"e7755dd8-2594-4b33-b604-73652bd697a2"},"provisioningMethod":"FromDefinition","failureAlertSubscription":true,"clientLastModifiedTime":"2022-11-13T00:47:14.9075202Z"},"$schema":"https://schema.management.azure.com/providers/Microsoft.Logic/schemas/2016-06-01/workflowdefinition.json#","contentVersion":"1.0.0.0","parameters":{"$connections":{"defaultValue":{},"type":"Object"},"$authentication":{"defaultValue":{},"type":"SecureObject"}},"triggers":{"When_a_new_task_is_created":{"recurrence":{"frequency":"Minute","interval":5},"splitOn":"@triggerOutputs()?['body/value']","metadata":{"operationMetadataId":"5f1eb7e9-9066-49df-a64a-46273355f5b6"},"type":"OpenApiConnection","inputs":{"host":{"apiId":"/providers/Microsoft.PowerApps/apis/shared_planner","connectionName":"shared_planner_1","operationId":"OnNewTask_V3"},"parameters":{"groupId":"dfa7eda0-4665-4c42-9b1b-ecc830cab8ad","id":"OUkM26BlEUS7sSLDb84Pl30AFx48"},"authentication":"@parameters('$authentication')"},"runtimeConfiguration":{"concurrency":{"runs":1}}}},"actions":{"Update_a_row":{"runAfter":{"Initialize_variable":["Succeeded"]},"metadata":{"01EIFOPUMMOVDXB33M6JAKK4KUOI45ND3M":"/Testing/Numbering sheet.xlsx","operationMetadataId":"8f93084a-3f2e-4249-b43a-2e61ef04e0bb","tableId":"{9951489D-FE37-4B15-B785-1B7037C63380}","01GITXMCYRDQXSGKHL4JBYIR73EW6DAN3D":"/Microsoft 365/Auto-numbering sheet.xlsx"},"type":"OpenApiConnection","inputs":{"host":{"apiId":"/providers/Microsoft.PowerApps/apis/shared_excelonlinebusiness","connectionName":"shared_excelonlinebusiness_1","operationId":"PatchItem"},"parameters":{"source":"groups/dfa7eda0-4665-4c42-9b1b-ecc830cab8ad","drive":"b!oSGFax6zwkebAqSqQ7rc6_ygAnsTIVROlHAJ_zvUQ6EgVGr6h_euQpymrdnWCZfA","file":"01GITXMCYRDQXSGKHL4JBYIR73EW6DAN3D","table":"{9951489D-FE37-4B15-B785-1B7037C63380}","idColumn":"S_x002e_ No","id":"1","item/Task Number":"@variables('Task Number')"},"authentication":"@parameters('$authentication')"}},"Get_a_row":{"runAfter":{},"metadata":{"01EIFOPUMMOVDXB33M6JAKK4KUOI45ND3M":"/Testing/Numbering sheet.xlsx","operationMetadataId":"d3d12b58-4370-4b1d-bb3b-e978ecd140da","tableId":"{9951489D-FE37-4B15-B785-1B7037C63380}","01GITXMCYRDQXSGKHL4JBYIR73EW6DAN3D":"/Microsoft 365/Auto-numbering sheet.xlsx"},"type":"OpenApiConnection","inputs":{"host":{"apiId":"/providers/Microsoft.PowerApps/apis/shared_excelonlinebusiness","connectionName":"shared_excelonlinebusiness_1","operationId":"GetItem"},"parameters":{"source":"groups/dfa7eda0-4665-4c42-9b1b-ecc830cab8ad","drive":"b!oSGFax6zwkebAqSqQ7rc6_ygAnsTIVROlHAJ_zvUQ6EgVGr6h_euQpymrdnWCZfA","file":"01GITXMCYRDQXSGKHL4JBYIR73EW6DAN3D","table":"{9951489D-FE37-4B15-B785-1B7037C63380}","idColumn":"S_x002e_ No","id":"1"},"authentication":"@parameters('$authentication')"}},"Initialize_variable":{"runAfter":{"Get_a_row":["Succeeded"]},"metadata":{"operationMetadataId":"0bd16119-146d-43ff-b682-4d0ae53555a3"},"type":"InitializeVariable","inputs":{"variables":[{"name":"Task Number","type":"integer","value":"@add(int(outputs('Get_a_row')?['body/Task number']), 1)"}]}},"Update_a_task_(V2)":{"runAfter":{"Update_a_row":["Succeeded"]},"metadata":{"operationMetadataId":"0c4cf6d6-568d-4b85-a495-4a57a505f10f"},"type":"OpenApiConnection","inputs":{"host":{"apiId":"/providers/Microsoft.PowerApps/apis/shared_planner","connectionName":"shared_planner_1","operationId":"UpdateTask_V3"},"parameters":{"id":"@triggerOutputs()?['body/id']","body/title":"@concat('MT-', string(variables('Task Number')),' ', triggerOutputs()?['body/title'])"},"authentication":"@parameters('$authentication')"}}}},"connectionReferences":{"shared_excelonlinebusiness_1":{"connectionName":"shared-excelonlinebu-2cd0f388-2dab-4871-9ced-ee54824542e1","source":"Embedded","id":"/providers/Microsoft.PowerApps/apis/shared_excelonlinebusiness","tier":"NotSpecified"},"shared_planner_1":{"connectionName":"shared-planner-bfcdd190-2589-46c7-adb4-3b87f80532d6","source":"Embedded","id":"/providers/Microsoft.PowerApps/apis/shared_planner","tier":"NotSpecified"}},"flowFailureAlertSubscribed":false,"isManaged":false}}